cutoff,framework_reuse__above,framework_reuse__below,graft__above,graft__below,known__above,known__below,metric,mutant_02__above,mutant_02__below,mutant_05__above,mutant_05__below,mutant_10__above,mutant_10__below,mutant_20__above,mutant_20__below,mutant_35__above,mutant_35__below,shuffled__above,shuffled__below,unrelated_design__above,unrelated_design__below
0.5,9,51,56,4,103,15,target_region_identity,103,15,103,15,99,19,82,36,65,53,,118,6,74
0.52,5,55,56,4,103,15,target_region_identity,103,15,103,15,98,20,82,36,64,54,,118,6,74
0.54,5,55,56,4,103,15,target_region_identity,103,15,102,16,97,21,82,36,60,58,,118,4,76
0.56,5,55,56,4,103,15,target_region_identity,102,16,102,16,97,21,82,36,59,59,,118,4,76
0.58,5,55,56,4,102,16,target_region_identity,102,16,101,17,97,21,82,36,57,61,,118,3,77
0.6,5,55,56,4,101,17,target_region_identity,101,17,101,17,97,21,82,36,57,61,,118,3,77
0.62,3,57,56,4,101,17,target_region_identity,101,17,101,17,97,21,82,36,55,63,,118,3,77
0.64,3,57,56,4,101,17,target_region_identity,101,17,101,17,97,21,81,37,53,65,,118,3,77
0.66,3,57,56,4,101,17,target_region_identity,101,17,101,17,97,21,79,39,19,99,,118,3,77
0.68,3,57,56,4,101,17,target_region_identity,101,17,101,17,97,21,77,41,16,102,,118,2,78
0.7,2,58,56,4,101,17,target_region_identity,101,17,101,17,97,21,74,44,16,102,,118,2,78
0.72,2,58,56,4,101,17,target_region_identity,101,17,101,17,95,23,71,47,14,104,,118,2,78
0.74,2,58,56,4,101,17,target_region_identity,101,17,101,17,95,23,68,50,14,104,,118,2,78
0.76,2,58,56,4,101,17,target_region_identity,101,17,101,17,95,23,66,52,13,105,,118,2,78
0.78,2,58,56,4,101,17,target_region_identity,101,17,101,17,93,25,61,57,11,107,,118,2,78
0.8,2,58,56,4,101,17,target_region_identity,101,17,100,18,91,27,45,73,11,107,,118,2,78
0.82,2,58,56,4,101,17,target_region_identity,101,17,99,19,88,30,18,100,6,112,,118,2,78
0.84,2,58,56,4,101,17,target_region_identity,101,17,99,19,87,31,18,100,6,112,,118,2,78
0.86,2,58,56,4,101,17,target_region_identity,100,18,96,22,76,42,18,100,5,113,,118,2,78
0.88,2,58,56,4,101,17,target_region_identity,100,18,96,22,75,43,17,101,5,113,,118,2,78
0.9,2,58,56,4,101,17,target_region_identity,100,18,93,25,59,59,17,101,4,114,,118,2,78
0.92,2,58,56,4,101,17,target_region_identity,100,18,92,26,38,80,16,102,3,115,,118,2,78
0.94,2,58,56,4,101,17,target_region_identity,94,24,83,35,31,87,13,105,3,115,,118,2,78
0.96,2,58,56,4,99,19,target_region_identity,89,29,46,72,29,89,11,107,3,115,,118,2,78
0.98,2,58,56,4,99,19,target_region_identity,63,55,46,72,29,89,11,107,3,115,,118,2,78
0.995,2,58,56,4,99,19,target_region_identity,55,63,46,72,29,89,11,107,3,115,,118,2,78
0.5,60,,60,,118,,target_similarity,118,,118,,118,,118,,118,,1,117,18,62
0.52,60,,60,,118,,target_similarity,118,,118,,118,,118,,118,,,118,18,62
0.54,60,,60,,118,,target_similarity,118,,118,,118,,118,,118,,,118,18,62
0.56,60,,60,,118,,target_similarity,118,,118,,118,,118,,118,,,118,18,62
0.58,60,,60,,118,,target_similarity,118,,118,,118,,118,,118,,,118,18,62
0.6,60,,60,,118,,target_similarity,118,,118,,118,,118,,118,,,118,16,64
0.62,60,,60,,118,,target_similarity,118,,118,,118,,118,,117,1,,118,14,66
0.64,60,,60,,118,,target_similarity,118,,118,,118,,118,,109,9,,118,14,66
0.66,60,,60,,118,,target_similarity,118,,118,,118,,118,,4,114,,118,14,66
0.68,60,,60,,118,,target_similarity,118,,118,,118,,118,,1,117,,118,14,66
0.7,60,,60,,118,,target_similarity,118,,118,,118,,118,,1,117,,118,11,69
0.72,60,,60,,118,,target_similarity,118,,118,,118,,118,,1,117,,118,11,69
0.74,60,,60,,118,,target_similarity,118,,118,,118,,118,,1,117,,118,11,69
0.76,60,,60,,118,,target_similarity,118,,118,,118,,118,,1,117,,118,11,69
0.78,60,,60,,118,,target_similarity,118,,118,,118,,116,2,,118,,118,9,71
0.8,60,,60,,118,,target_similarity,118,,118,,118,,47,71,,118,,118,7,73
0.82,60,,60,,118,,target_similarity,118,,118,,118,,3,115,,118,,118,7,73
0.84,58,2,59,1,118,,target_similarity,118,,118,,118,,1,117,,118,,118,5,75
0.86,57,3,59,1,118,,target_similarity,118,,118,,118,,1,117,,118,,118,3,77
0.88,55,5,57,3,118,,target_similarity,118,,118,,116,2,1,117,,118,,118,2,78
0.9,46,14,52,8,117,1,target_similarity,116,2,116,2,61,57,,118,,118,,118,2,78
0.92,38,22,40,20,117,1,target_similarity,115,3,115,3,,118,,118,,118,,118,1,79
0.94,27,33,35,25,117,1,target_similarity,113,5,112,6,,118,,118,,118,,118,1,79
0.96,15,45,27,33,117,1,target_similarity,111,7,1,117,,118,,118,,118,,118,1,79
0.98,,60,11,49,117,1,target_similarity,66,52,,118,,118,,118,,118,,118,1,79
0.995,,60,4,56,116,2,target_similarity,,118,,118,,118,,118,,118,,118,1,79
0.5,60,,60,,101,17,prior_art_similarity,101,17,101,17,101,17,99,19,99,19,4,114,28,52
0.52,60,,60,,101,17,prior_art_similarity,101,17,101,17,101,17,99,19,99,19,4,114,25,55
0.54,60,,60,,101,17,prior_art_similarity,101,17,101,17,101,17,99,19,99,19,4,114,23,57
0.56,60,,60,,101,17,prior_art_similarity,101,17,101,17,101,17,99,19,99,19,4,114,21,59
0.58,60,,60,,101,17,prior_art_similarity,101,17,101,17,100,18,99,19,98,20,2,116,21,59
0.6,59,1,60,,101,17,prior_art_similarity,101,17,100,18,100,18,99,19,97,21,1,117,21,59
0.62,59,1,60,,100,18,prior_art_similarity,100,18,100,18,100,18,99,19,97,21,,118,21,59
0.64,59,1,60,,100,18,prior_art_similarity,100,18,100,18,100,18,99,19,93,25,,118,21,59
0.66,59,1,60,,100,18,prior_art_similarity,100,18,100,18,100,18,99,19,2,116,,118,20,60
0.68,59,1,60,,100,18,prior_art_similarity,100,18,100,18,100,18,99,19,1,117,,118,19,61
0.7,59,1,59,1,100,18,prior_art_similarity,100,18,100,18,100,18,99,19,1,117,,118,19,61
0.72,59,1,59,1,100,18,prior_art_similarity,100,18,100,18,100,18,99,19,1,117,,118,18,62
0.74,59,1,59,1,100,18,prior_art_similarity,100,18,100,18,100,18,99,19,1,117,,118,18,62
0.76,59,1,59,1,100,18,prior_art_similarity,100,18,100,18,100,18,99,19,1,117,,118,18,62
0.78,59,1,59,1,100,18,prior_art_similarity,100,18,100,18,100,18,98,20,1,117,,118,15,65
0.8,58,2,59,1,100,18,prior_art_similarity,100,18,100,18,100,18,41,77,1,117,,118,12,68
0.82,58,2,58,2,100,18,prior_art_similarity,100,18,100,18,100,18,3,115,,118,,118,9,71
0.84,56,4,57,3,100,18,prior_art_similarity,100,18,100,18,100,18,1,117,,118,,118,5,75
0.86,56,4,57,3,100,18,prior_art_similarity,100,18,100,18,100,18,1,117,,118,,118,5,75
0.88,54,6,55,5,100,18,prior_art_similarity,100,18,100,18,99,19,,118,,118,,118,5,75
0.9,43,17,47,13,100,18,prior_art_similarity,100,18,100,18,52,66,,118,,118,,118,4,76
0.92,34,26,36,24,100,18,prior_art_similarity,99,19,99,19,1,117,,118,,118,,118,3,77
0.94,24,36,30,30,100,18,prior_art_similarity,97,21,96,22,,118,,118,,118,,118,2,78
0.96,13,47,24,36,100,18,prior_art_similarity,95,23,1,117,,118,,118,,118,,118,1,79
0.98,,60,11,49,100,18,prior_art_similarity,64,54,,118,,118,,118,,118,,118,1,79
0.995,,60,4,56,99,19,prior_art_similarity,,118,,118,,118,,118,,118,,118,,80
